co_seq_profissao,no_profissao,dt_hr_ultima_alteracao,aut_ultima_alteracao,dt_hr_registro,aut_registro,co_cbo
34,AUXILIAR DE LABORATÓRIO,20130501000000,Implantação,20130501000000,Implantação,
41,NUTRICIONISTA,20130501000000,Implantação,20130501000000,Implantação,
53,AGENTE COMUNITÁRIO DE SAÚDE,20130501000000,Implantação,20130501000000,Implantação,
83,TÉCNICO (A) DE LABORATÓRIO,20130501000000,Implantação,20130501000000,Implantação,
94,BIÓLOGO (A),20150506115646,Admin,20130501000000,Implantação,221105
100,ASSISTENTE SOCIAL,20130501000000,Implantação,20130501000000,Implantação,
108,FISIOTERAPEUTA,20130501000000,Implantação,20130501000000,Implantação,
132,TÉCNICO (A) DE ENFERMAGEM,20130501000000,Implantação,20130501000000,Implantação,
164,COLETOR (A),20130501000000,Implantação,20130501000000,Implantação,
175,VISITADOR (A) SANITÁRIA,20130501000000,Implantação,20130501000000,Implantação,
228,BIOQUÍMICO (A),20130501000000,Implantação,20130501000000,Implantação,
279,AUXILIAR DE ENFERMAGEM ,20130501000000,Implantação,20130501000000,Implantação,
282,FONOAUDIÓLOGO (A),20130501000000,Implantação,20130501000000,Implantação,
304,PSICÓLOGO (A),20130501000000,Implantação,20130501000000,Implantação,
332,FISCAL SANITÁRIO,20130501000000,Implantação,20130501000000,Implantação,
342,ENGENHEIRO (A),20130501000000,Implantação,20130501000000,Implantação,
346,PROFESSOR (A),20130501000000,Implantação,20130501000000,Implantação,
354,BIBLIOTECÁRIO (A),20130501000000,Implantação,20130501000000,Implantação,
362,ADMINISTRADOR DE EMPRESA,20130501000000,Implantação,20130501000000,Implantação,
363,AUXILIAR ADMINISTRATIVO,20130501000000,Implantação,20130501000000,Implantação,
377,AUXILIAR DE SERVIÇO DE SAÚDE,20130501000000,Implantação,20130501000000,Implantação,
383,TÉCNICO (A) DE CONTABILIDADE,20130501000000,Implantação,20130501000000,Implantação,
417,ATENDENTE DE ENFERMAGEM,20130501000000,Implantação,20130501000000,Implantação,
419,TERAPEUTA OCUPACIONAL,20130501000000,Implantação,20130501000000,Implantação,
424,ADVOGADO (A),20130501000000,Implantação,20130501000000,Implantação,
462,ENFERMEIRO (A),20130501000000,Implantação,20130501000000,Implantação,
470,ESTUDANTE,20130501000000,Implantação,20130501000000,Implantação,
471,ODONTÓLOGO (A),20130501000000,Implantação,20130501000000,Implantação,
481,MÉDICO (A),20130501000000,Implantação,20130501000000,Implantação,225124
489,TÉCNICO (A) EM AGRONOMIA,20130501000000,Implantação,20130501000000,Implantação,
490,EMPRESÁRIO,20130501000000,Implantação,20130501000000,Implantação,
491,PEDAGOGO (A),20130501000000,Implantação,20130501000000,Implantação,
492,ACADÊMICO (A) DE ENFERMAGEM,20130501000000,Implantação,20130501000000,Implantação,
493,TÉCNICO DE PATOLOGIA CLÍNICA,20130501000000,Implantação,20130501000000,Implantação,
494,FARMACÊUTICO,20130501000000,Implantação,20130501000000,Implantação,
495,ESTATíSTICO (A),20130501000000,Implantação,20130501000000,Implantação,
496,ACADÊMICO (A) DE MEDICINA,20130501000000,Implantação,20130501000000,Implantação,
497,ESTAGIÁRIO(A) DE LABORATÓRIO,20130501000000,Implantação,20130501000000,Implantação,
498,GERENTE,20130501000000,Implantação,20130501000000,Implantação,
499,SANITARISTA,20130501000000,Implantação,20130501000000,Implantação,
500,ESTAGIÁRIO (A),20130501000000,Implantação,20130501000000,Implantação,
501,BACHAREL EM LETRAS,20130501000000,Implantação,20130501000000,Implantação,
502,BIOMEDICO,20130501000000,Implantação,20130501000000,Implantação,
503,ECONOMISTA,20130501000000,Implantação,20130501000000,Implantação,
504,ACADÊMICO (A) DE ANÁLISES CLÍNICAS,20130501000000,Implantação,20130501000000,Implantação,
505,INSTRUMENTADOR CIRÚRGICO,20130501000000,Implantação,20130501000000,Implantação,
506,TÉCNICO EM GESTÃO DE SAÚDE,20130501000000,Implantação,20130501000000,Implantação,
507,ACADÊMICO (A) DE GESTÃO EM EVENTOS,20130501000000,Implantação,20130501000000,Implantação,
508,ACADÊMICO (A) DE FISIOTERAPIA,20130501000000,Implantação,20130501000000,Implantação,
509,ACADÊMICO (A) DE FARMÁCIA,20130501000000,Implantação,20130501000000,Implantação,
510,CIRURGIÃO(A) DENTISTA,20130501000000,Implantação,20130501000000,Implantação,
511,TÉCNICO EM ATENÇÃO A SAÚDE,20130501000000,Implantação,20130501000000,Implantação,
512,BIÓLOGO( A),20150506115719,Admin,20130501000000,Implantação,221105
513,AGENTE EM APOIO DIAGNÓSTICO,20130501000000,Implantação,20130501000000,Implantação,
514,RESIDENTE EM PEDIATRIA,20130501000000,Implantação,20130501000000,Implantação,
515,MÉDICO RESIDENTE,20130501000000,Implantação,20130501000000,Implantação,
516,PEDIATRA,20130501000000,Implantação,20130501000000,Implantação,
517,RECEPCIONISTA,20130501000000,Implantação,20130501000000,Implantação,
518,RESIDENTE INFECTO,20130501000000,Implantação,20130501000000,Implantação,
519,TEC. ADM. DEPTO. CLÍNICA MÉDICA,20130501000000,Implantação,20130501000000,Implantação,
520,TÉCNICO ADMINISTRATIVO,20130501000000,Implantação,20130501000000,Implantação,
521,OUTROS,20130501000000,Implantação,20130501000000,Implantação,
522,SECRETÁRIO MUNICIPAL DE SAÚDE,20130501000000,Implantação,20130501000000,Implantação,
523,JORNALISTA,20130501000000,Implantação,20130501000000,Implantação,
524,SECRETÁRIA FINANCEIRA,20130501000000,Implantação,20130501000000,Implantação,
525,SUPERVISÃO LAB. TRIAGEM NEONATAL,20130501000000,Implantação,20130501000000,Implantação,
526,ACADÊMICO (A) DE BIOMEDICINA,20130501000000,Implantação,20130501000000,Implantação,
527,OFICIAL DE APOIO A SAÚDE,20130501000000,Implantação,20130501000000,Implantação,
528,AUXILIAR DE CONSULTÓRIO DENTÁRIO,20130501000000,Implantação,20130501000000,Implantação,
529,DENTISTA,20130501000000,Implantação,20130501000000,Implantação,
530,FUNCIONÁRIO PÚBLICO,20130501000000,Implantação,20130501000000,Implantação,
531,CHEFE DIVISÃO DA SAÚDE,20130501000000,Implantação,20130501000000,Implantação,
532,RELAÇÕES PÚBLICAS,20130501000000,Implantação,20130501000000,Implantação,
533,ADMINISTRADOR,20130501000000,Implantação,20130501000000,Implantação,
534,AUTÔNOMO,20130501000000,Implantação,20130501000000,Implantação,
535,ARTESÃ,20130501000000,Implantação,20130501000000,Implantação,
536,SECRETÁRIO MUNICIPAL DE PROMOÇÃO SOCIAL,20130501000000,Implantação,20130501000000,Implantação,
537,SOCIÓLOGO (A),20130501000000,Implantação,20130501000000,Implantação,
538,APOSENTADO,20130501000000,Implantação,20130501000000,Implantação,
539,ARTE EDUCADOR,20130501000000,Implantação,20130501000000,Implantação,
540,PRODUTORA DE VÍDEOS EDUCATIVOS,20130501000000,Implantação,20130501000000,Implantação,
541,COORDENADORA COMACON,20130501000000,Implantação,20130501000000,Implantação,
542,ARTESÃO,20130501000000,Implantação,20130501000000,Implantação,
543,TÉCNICO (A) DE HEMATOLOGIA,20130501000000,Implantação,20130501000000,Implantação,
544,DIRETOR DE ARTE E CULTURA,20130501000000,Implantação,20130501000000,Implantação,
545,CONSELHEIRO(A),20130501000000,Implantação,20130501000000,Implantação,
546,COMERCIANTE,20130501000000,Implantação,20130501000000,Implantação,
547,COSTUREIRA,20130501000000,Implantação,20130501000000,Implantação,
548,MARCENEIRO,20130501000000,Implantação,20130501000000,Implantação,
549,EPIDEMIOLOGISTA,20130501000000,Implantação,20130501000000,Implantação,
550,TÉCNICO DE RADIOLOGIA,20130501000000,Implantação,20130501000000,Implantação,
551,ATENDENTE ADMINISTRATIVO,20130501000000,Implantação,20130501000000,Implantação,
552,DIGITADOR (A),20130501000000,Implantação,20130501000000,Implantação,
553,AUXILIAR DE ATENDIMENTO MÉDICO,20130501000000,Implantação,20130501000000,Implantação,
554,ASSISTENTE DE CONTROLE DO TRATAMENTO,20130501000000,Implantação,20130501000000,Implantação,
555,ACADÊMICO (A) DE CIÊNCIAS BIOLÓGICAS,20130501000000,Implantação,20130501000000,Implantação,
556,ACADÊMICO (A) DE NUTRIÇÃO,20130501000000,Implantação,20130501000000,Implantação,
557,ACADÊMICO (A) DE FARMÁCIA,20130501000000,Implantação,20130501000000,Implantação,
558,ACADÊMICO (A) ,20130501000000,Implantação,20130501000000,Implantação,
559,TÉCNICO EM BIOTECNOLOGIA,20130501000000,Implantação,20130501000000,Implantação,
560,AUXILIAR DE DOCUMENTAÇÃO,20130501000000,Implantação,20130501000000,Implantação,
561,MEDICO (A) CLINICO GERAL,20160516132801,ADMIN,20160516132801,ADMIN,225125
562,MEDICO (A) ENDOCRINOLOGISTA,20160516132801,ADMIN,20160516132801,ADMIN,225155
563,MEDICO (A) PEDIATRA,20160516132801,ADMIN,20160516132801,ADMIN,225124
564,MEDICO (A) PNEUMOLOGISTA,20160516132801,ADMIN,20160516132801,ADMIN,225127
1,FARMACÊUTICO ANALISTA CLINICO,20181227104002,Admin,20181227104002,Admin,223415
